id	author	author_birth	author_death	title	composed_circa	translator	translation_year	tradition	language	topics	source	source_url	local_path	license
ambrose/concerning-repentance-book-1	Ambrose of Milan	c. 340	397	Concerning Repentance, Book I	c. 384	H. de Romestin, E. de Romestin, H.T.F. Duckworth	1896	patristic-latin	en	repentance	newadvent	https://www.newadvent.org/fathers/34061.htm	patristics/ambrose/reading/concerning-repentance-book-1.md	public-domain
ambrose/concerning-repentance-book-2	Ambrose of Milan	c. 340	397	Concerning Repentance, Book II	c. 384	H. de Romestin, E. de Romestin, H.T.F. Duckworth	1896	patristic-latin	en	repentance	newadvent	https://www.newadvent.org/fathers/34062.htm	patristics/ambrose/reading/concerning-repentance-book-2.md	public-domain
apostolic-fathers/didache				The Didache (Teaching of the Twelve Apostles)	c. 100	M.B. Riddle	1886	apostolic	en	prayer;self-discipline;character	newadvent	https://www.newadvent.org/fathers/0714.htm	patristics/apostolic-fathers/reading/didache.md	public-domain
apostolic-fathers/epistle-of-barnabas				The Epistle of Barnabas	c. 130	Alexander Roberts and James Donaldson	1885	apostolic	en	repentance;character	newadvent	https://www.newadvent.org/fathers/0124.htm	patristics/apostolic-fathers/reading/epistle-of-barnabas.md	public-domain
apostolic-fathers/shepherd-of-hermas-book-1-visions	Hermas			The Shepherd of Hermas, Book I: Visions	c. 150	F. Crombie	1885	apostolic	en	repentance;temptation	newadvent	https://www.newadvent.org/fathers/02011.htm	patristics/apostolic-fathers/reading/shepherd-of-hermas-book-1-visions.md	public-domain
apostolic-fathers/shepherd-of-hermas-book-2-commands	Hermas			The Shepherd of Hermas, Book II: Commandments	c. 150	F. Crombie	1885	apostolic	en	repentance;self-discipline;temptation	newadvent	https://www.newadvent.org/fathers/02012.htm	patristics/apostolic-fathers/reading/shepherd-of-hermas-book-2-commands.md	public-domain
apostolic-fathers/shepherd-of-hermas-book-3-similitudes	Hermas			The Shepherd of Hermas, Book III: Similitudes	c. 150	F. Crombie	1885	apostolic	en	repentance;self-discipline	newadvent	https://www.newadvent.org/fathers/02013.htm	patristics/apostolic-fathers/reading/shepherd-of-hermas-book-3-similitudes.md	public-domain
athanasius/life-of-antony	Athanasius of Alexandria	c. 296	373	Life of Antony	c. 360	H. Ellershaw	1892	desert	en	temptation;spiritual-warfare;self-discipline;watchfulness	newadvent	https://www.newadvent.org/fathers/2811.htm	patristics/athanasius/reading/life-of-antony.md	public-domain
augustine/confessions-pusey	Augustine of Hippo	354	430	Confessions	c. 397	E. B. Pusey	1838	patristic-latin	en	repentance;grace;sanctification	gutenberg	https://www.gutenberg.org/ebooks/3296	patristics/augustine/reading/confessions-pusey.md	public-domain
clement-of-alexandria/the-instructor-paedagogus-book-1	Clement of Alexandria	c. 150	c. 215	The Instructor (Paedagogus), Book I	c. 198	William Wilson	1885	patristic-greek	en	self-discipline;character	newadvent	https://www.newadvent.org/fathers/02091.htm	patristics/clement-of-alexandria/reading/the-instructor-paedagogus-book-1.md	public-domain
clement-of-alexandria/the-instructor-paedagogus-book-2	Clement of Alexandria	c. 150	c. 215	The Instructor (Paedagogus), Book II	c. 198	William Wilson	1885	patristic-greek	en	self-discipline;character	newadvent	https://www.newadvent.org/fathers/02092.htm	patristics/clement-of-alexandria/reading/the-instructor-paedagogus-book-2.md	public-domain
clement-of-alexandria/the-instructor-paedagogus-book-3	Clement of Alexandria	c. 150	c. 215	The Instructor (Paedagogus), Book III	c. 198	William Wilson	1885	patristic-greek	en	self-discipline;character	newadvent	https://www.newadvent.org/fathers/02093.htm	patristics/clement-of-alexandria/reading/the-instructor-paedagogus-book-3.md	public-domain
cyprian/on-jealousy-and-envy-treatise-10	Cyprian of Carthage	c. 200	258	On Jealousy and Envy (Treatise X)	c. 256	Robert Ernest Wallis	1886	patristic-latin	en	pride;character	newadvent	https://www.newadvent.org/fathers/050710.htm	patristics/cyprian/reading/on-jealousy-and-envy-treatise-10.md	public-domain
cyprian/on-the-lords-prayer-treatise-4	Cyprian of Carthage	c. 200	258	On the Lord's Prayer (Treatise IV)	c. 252	Robert Ernest Wallis	1886	patristic-latin	en	prayer	newadvent	https://www.newadvent.org/fathers/050704.htm	patristics/cyprian/reading/on-the-lords-prayer-treatise-4.md	public-domain
cyprian/on-works-and-alms-treatise-8	Cyprian of Carthage	c. 200	258	On Works and Alms (Treatise VIII)	c. 253	Robert Ernest Wallis	1886	patristic-latin	en	wealth;work	newadvent	https://www.newadvent.org/fathers/050708.htm	patristics/cyprian/reading/on-works-and-alms-treatise-8.md	public-domain
evagrius-ponticus/praktikos-dysinger-english	Evagrius Ponticus	345	399	Praktikos	c. 380	Luke Dysinger	1990	desert	en	acedia;vainglory;pride;anger;gluttony;lust;avarice;sorrow;watchfulness;discernment	evagriusponticus	https://evagriusponticus.net/cpg2430/cpg2430.eng.1990.dysinger.html	patristics/evagrius-ponticus/reading/praktikos-dysinger-english.md	public-domain
gregory-of-nyssa/on-virginity	Gregory of Nyssa	c. 335	c. 395	On Virginity	c. 371	William Moore and Henry Austin Wilson	1893	patristic-greek	en	self-discipline;sanctification	newadvent	https://www.newadvent.org/fathers/2907.htm	patristics/gregory-of-nyssa/reading/on-virginity.md	public-domain
john-cassian/conference-01	John Cassian	c. 360	435	Conference 1: On the Goal and End of the Monk (Abbot Moses)	c. 426	C. S. Gibson	1894	desert	en	discernment	newadvent	https://www.newadvent.org/fathers/350801.htm	patristics/john-cassian/reading/conference-01.md	public-domain
john-cassian/conference-02	John Cassian	c. 360	435	Conference 2: On Discretion (Abbot Moses)	c. 426	C. S. Gibson	1894	desert	en	discernment	newadvent	https://www.newadvent.org/fathers/350802.htm	patristics/john-cassian/reading/conference-02.md	public-domain
john-cassian/conference-03	John Cassian	c. 360	435	Conference 3: On the Three Renunciations (Abbot Paphnutius)	c. 426	C. S. Gibson	1894	desert	en	self-discipline	newadvent	https://www.newadvent.org/fathers/350803.htm	patristics/john-cassian/reading/conference-03.md	public-domain
john-cassian/conference-04	John Cassian	c. 360	435	Conference 4: On the Lust of the Flesh and of the Spirit (Abbot Daniel)	c. 426	C. S. Gibson	1894	desert	en	lust	newadvent	https://www.newadvent.org/fathers/350804.htm	patristics/john-cassian/reading/conference-04.md	public-domain
john-cassian/conference-05	John Cassian	c. 360	435	Conference 5: On the Eight Principal Faults (Abbot Serapion)	c. 426	C. S. Gibson	1894	desert	en	gluttony;lust;avarice;anger;sorrow;acedia;vainglory;pride	newadvent	https://www.newadvent.org/fathers/350805.htm	patristics/john-cassian/reading/conference-05.md	public-domain
john-cassian/conference-06	John Cassian	c. 360	435	Conference 6: On the Death of the Saints (Abbot Theodore)	c. 426	C. S. Gibson	1894	desert	en	suffering	newadvent	https://www.newadvent.org/fathers/350806.htm	patristics/john-cassian/reading/conference-06.md	public-domain
john-cassian/conference-07	John Cassian	c. 360	435	Conference 7: On the Changeableness of the Soul and Evil Spirits (Abbot Serenus)	c. 426	C. S. Gibson	1894	desert	en	spiritual-warfare	newadvent	https://www.newadvent.org/fathers/350807.htm	patristics/john-cassian/reading/conference-07.md	public-domain
john-cassian/conference-08	John Cassian	c. 360	435	Conference 8: On Principalities (Abbot Serenus)	c. 426	C. S. Gibson	1894	desert	en	spiritual-warfare	newadvent	https://www.newadvent.org/fathers/350808.htm	patristics/john-cassian/reading/conference-08.md	public-domain
john-cassian/conference-09	John Cassian	c. 360	435	Conference 9: On Prayer (Abbot Isaac)	c. 426	C. S. Gibson	1894	desert	en	prayer	newadvent	https://www.newadvent.org/fathers/350809.htm	patristics/john-cassian/reading/conference-09.md	public-domain
john-cassian/conference-10	John Cassian	c. 360	435	Conference 10: On Prayer, Continued (Abbot Isaac)	c. 426	C. S. Gibson	1894	desert	en	prayer	newadvent	https://www.newadvent.org/fathers/350810.htm	patristics/john-cassian/reading/conference-10.md	public-domain
john-cassian/conference-11	John Cassian	c. 360	435	Conference 11: On Perfection (Abbot Chaeremon)	c. 426	C. S. Gibson	1894	desert	en	sanctification	newadvent	https://www.newadvent.org/fathers/350811.htm	patristics/john-cassian/reading/conference-11.md	public-domain
john-cassian/conference-13	John Cassian	c. 360	435	Conference 13: On the Protection of God (Abbot Chaeremon)	c. 426	C. S. Gibson	1894	desert	en	providence;grace	newadvent	https://www.newadvent.org/fathers/350813.htm	patristics/john-cassian/reading/conference-13.md	public-domain
john-cassian/conference-14	John Cassian	c. 360	435	Conference 14: On Spiritual Knowledge (Abbot Nesteros)	c. 426	C. S. Gibson	1894	desert	en	discernment	newadvent	https://www.newadvent.org/fathers/350814.htm	patristics/john-cassian/reading/conference-14.md	public-domain
john-cassian/conference-15	John Cassian	c. 360	435	Conference 15: On the Gifts of God (Abbot Nesteros)	c. 426	C. S. Gibson	1894	desert	en	grace	newadvent	https://www.newadvent.org/fathers/350815.htm	patristics/john-cassian/reading/conference-15.md	public-domain
john-cassian/conference-16	John Cassian	c. 360	435	Conference 16: On Friendship (Abbot Joseph)	c. 426	C. S. Gibson	1894	desert	en	character	newadvent	https://www.newadvent.org/fathers/350816.htm	patristics/john-cassian/reading/conference-16.md	public-domain
john-cassian/conference-17	John Cassian	c. 360	435	Conference 17: On Making Promises (Abbot Joseph)	c. 426	C. S. Gibson	1894	desert	en	character	newadvent	https://www.newadvent.org/fathers/350817.htm	patristics/john-cassian/reading/conference-17.md	public-domain
john-cassian/conference-18	John Cassian	c. 360	435	Conference 18: On the Three Sorts of Monks (Abbot Piamun)	c. 426	C. S. Gibson	1894	desert	en	character	newadvent	https://www.newadvent.org/fathers/350818.htm	patristics/john-cassian/reading/conference-18.md	public-domain
john-cassian/conference-19	John Cassian	c. 360	435	Conference 19: On the End of the Cenobite and of the Hermit (Abbot John)	c. 426	C. S. Gibson	1894	desert	en	self-discipline	newadvent	https://www.newadvent.org/fathers/350819.htm	patristics/john-cassian/reading/conference-19.md	public-domain
john-cassian/conference-20	John Cassian	c. 360	435	Conference 20: On the End of Penance and the Marks of Satisfaction (Abbot Pinufius)	c. 426	C. S. Gibson	1894	desert	en	repentance	newadvent	https://www.newadvent.org/fathers/350820.htm	patristics/john-cassian/reading/conference-20.md	public-domain
john-cassian/conference-21	John Cassian	c. 360	435	Conference 21: On the Relaxation During the Fifty Days (Abbot Theonas)	c. 426	C. S. Gibson	1894	desert	en	contentment	newadvent	https://www.newadvent.org/fathers/350821.htm	patristics/john-cassian/reading/conference-21.md	public-domain
john-cassian/conference-23	John Cassian	c. 360	435	Conference 23: On Sinlessness (Abbot Theonas)	c. 426	C. S. Gibson	1894	desert	en	sanctification	newadvent	https://www.newadvent.org/fathers/350823.htm	patristics/john-cassian/reading/conference-23.md	public-domain
john-cassian/conference-24	John Cassian	c. 360	435	Conference 24: On Mortification (Abbot Abraham)	c. 426	C. S. Gibson	1894	desert	en	self-discipline	newadvent	https://www.newadvent.org/fathers/350824.htm	patristics/john-cassian/reading/conference-24.md	public-domain
john-cassian/institutes-01	John Cassian	c. 360	435	Institutes, Book I: Of the Dress of the Monks	c. 420	C. S. Gibson	1894	desert	en	self-discipline	newadvent	https://www.newadvent.org/fathers/350701.htm	patristics/john-cassian/reading/institutes-01.md	public-domain
john-cassian/institutes-02	John Cassian	c. 360	435	Institutes, Book II: Of the Canonical System of Nocturnal Prayers and Psalms	c. 420	C. S. Gibson	1894	desert	en	prayer	newadvent	https://www.newadvent.org/fathers/350702.htm	patristics/john-cassian/reading/institutes-02.md	public-domain
john-cassian/institutes-03	John Cassian	c. 360	435	Institutes, Book III: Of the System of the Daytime Prayers and Psalms	c. 420	C. S. Gibson	1894	desert	en	prayer	newadvent	https://www.newadvent.org/fathers/350703.htm	patristics/john-cassian/reading/institutes-03.md	public-domain
john-cassian/institutes-04	John Cassian	c. 360	435	Institutes, Book IV: Of the Rule for Renunciants	c. 420	C. S. Gibson	1894	desert	en	self-discipline	newadvent	https://www.newadvent.org/fathers/350704.htm	patristics/john-cassian/reading/institutes-04.md	public-domain
john-cassian/institutes-05	John Cassian	c. 360	435	Institutes, Book V: Of the Spirit of Gluttony	c. 420	C. S. Gibson	1894	desert	en	gluttony	newadvent	https://www.newadvent.org/fathers/350705.htm	patristics/john-cassian/reading/institutes-05.md	public-domain
john-cassian/institutes-07	John Cassian	c. 360	435	Institutes, Book VII: Of the Spirit of Covetousness (Avarice)	c. 420	C. S. Gibson	1894	desert	en	avarice	newadvent	https://www.newadvent.org/fathers/350707.htm	patristics/john-cassian/reading/institutes-07.md	public-domain
john-cassian/institutes-08	John Cassian	c. 360	435	Institutes, Book VIII: Of the Spirit of Anger	c. 420	C. S. Gibson	1894	desert	en	anger	newadvent	https://www.newadvent.org/fathers/350708.htm	patristics/john-cassian/reading/institutes-08.md	public-domain
john-cassian/institutes-09	John Cassian	c. 360	435	Institutes, Book IX: Of the Spirit of Dejection	c. 420	C. S. Gibson	1894	desert	en	sorrow	newadvent	https://www.newadvent.org/fathers/350709.htm	patristics/john-cassian/reading/institutes-09.md	public-domain
john-cassian/institutes-10	John Cassian	c. 360	435	Institutes, Book X: Of the Spirit of Accidie (Acedia)	c. 420	C. S. Gibson	1894	desert	en	acedia	newadvent	https://www.newadvent.org/fathers/350710.htm	patristics/john-cassian/reading/institutes-10.md	public-domain
john-cassian/institutes-11	John Cassian	c. 360	435	Institutes, Book XI: Of the Spirit of Vainglory	c. 420	C. S. Gibson	1894	desert	en	vainglory	newadvent	https://www.newadvent.org/fathers/350711.htm	patristics/john-cassian/reading/institutes-11.md	public-domain
john-cassian/institutes-12	John Cassian	c. 360	435	Institutes, Book XII: Of the Spirit of Pride	c. 420	C. S. Gibson	1894	desert	en	pride	newadvent	https://www.newadvent.org/fathers/350712.htm	patristics/john-cassian/reading/institutes-12.md	public-domain
john-cassian/de-coenobiorum-institutis-latin	John Cassian	c. 360	435	De Coenobiorum Institutis (Latin)	c. 420			desert	la	self-discipline;watchfulness;prayer	wikisource	https://la.wikisource.org/wiki/De_coenobiorum_institutis	patristics/john-cassian/reading/de-coenobiorum-institutis-latin.md	public-domain
john-chrysostom/no-one-can-harm	John Chrysostom	c. 347	407	That No One Can Harm the Man Who Does Not Injure Himself	c. 407	W.R.W. Stephens	1889	patristic-greek	en	suffering;providence;contentment	newadvent	https://www.newadvent.org/fathers/1902.htm	patristics/john-chrysostom/reading/no-one-can-harm.md	public-domain
john-chrysostom/statues-homily-01	John Chrysostom	c. 347	407	Homily 1 on the Statues	387	W.R.W. Stephens	1889	patristic-greek	en	repentance;suffering;anger	newadvent	https://www.newadvent.org/fathers/190101.htm	patristics/john-chrysostom/reading/statues-homily-01.md	public-domain
john-chrysostom/statues-homily-02	John Chrysostom	c. 347	407	Homily 2 on the Statues	387	W.R.W. Stephens	1889	patristic-greek	en	repentance;suffering;anger	newadvent	https://www.newadvent.org/fathers/190102.htm	patristics/john-chrysostom/reading/statues-homily-02.md	public-domain
john-chrysostom/statues-homily-03	John Chrysostom	c. 347	407	Homily 3 on the Statues	387	W.R.W. Stephens	1889	patristic-greek	en	repentance;suffering;anger	newadvent	https://www.newadvent.org/fathers/190103.htm	patristics/john-chrysostom/reading/statues-homily-03.md	public-domain
john-chrysostom/statues-homily-04	John Chrysostom	c. 347	407	Homily 4 on the Statues	387	W.R.W. Stephens	1889	patristic-greek	en	repentance;suffering;anger	newadvent	https://www.newadvent.org/fathers/190104.htm	patristics/john-chrysostom/reading/statues-homily-04.md	public-domain
john-chrysostom/statues-homily-05	John Chrysostom	c. 347	407	Homily 5 on the Statues	387	W.R.W. Stephens	1889	patristic-greek	en	repentance;suffering;anger	newadvent	https://www.newadvent.org/fathers/190105.htm	patristics/john-chrysostom/reading/statues-homily-05.md	public-domain
john-chrysostom/statues-homily-06	John Chrysostom	c. 347	407	Homily 6 on the Statues	387	W.R.W. Stephens	1889	patristic-greek	en	repentance;suffering;anger	newadvent	https://www.newadvent.org/fathers/190106.htm	patristics/john-chrysostom/reading/statues-homily-06.md	public-domain
john-chrysostom/statues-homily-07	John Chrysostom	c. 347	407	Homily 7 on the Statues	387	W.R.W. Stephens	1889	patristic-greek	en	repentance;suffering;anger	newadvent	https://www.newadvent.org/fathers/190107.htm	patristics/john-chrysostom/reading/statues-homily-07.md	public-domain
john-chrysostom/statues-homily-08	John Chrysostom	c. 347	407	Homily 8 on the Statues	387	W.R.W. Stephens	1889	patristic-greek	en	repentance;suffering;anger	newadvent	https://www.newadvent.org/fathers/190108.htm	patristics/john-chrysostom/reading/statues-homily-08.md	public-domain
john-chrysostom/statues-homily-09	John Chrysostom	c. 347	407	Homily 9 on the Statues	387	W.R.W. Stephens	1889	patristic-greek	en	repentance;suffering;anger	newadvent	https://www.newadvent.org/fathers/190109.htm	patristics/john-chrysostom/reading/statues-homily-09.md	public-domain
john-chrysostom/statues-homily-10	John Chrysostom	c. 347	407	Homily 10 on the Statues	387	W.R.W. Stephens	1889	patristic-greek	en	repentance;suffering;anger	newadvent	https://www.newadvent.org/fathers/190110.htm	patristics/john-chrysostom/reading/statues-homily-10.md	public-domain
john-chrysostom/statues-homily-11	John Chrysostom	c. 347	407	Homily 11 on the Statues	387	W.R.W. Stephens	1889	patristic-greek	en	repentance;suffering;anger	newadvent	https://www.newadvent.org/fathers/190111.htm	patristics/john-chrysostom/reading/statues-homily-11.md	public-domain
john-chrysostom/statues-homily-12	John Chrysostom	c. 347	407	Homily 12 on the Statues	387	W.R.W. Stephens	1889	patristic-greek	en	repentance;suffering;anger	newadvent	https://www.newadvent.org/fathers/190112.htm	patristics/john-chrysostom/reading/statues-homily-12.md	public-domain
john-chrysostom/statues-homily-13	John Chrysostom	c. 347	407	Homily 13 on the Statues	387	W.R.W. Stephens	1889	patristic-greek	en	repentance;suffering;anger	newadvent	https://www.newadvent.org/fathers/190113.htm	patristics/john-chrysostom/reading/statues-homily-13.md	public-domain
john-chrysostom/statues-homily-14	John Chrysostom	c. 347	407	Homily 14 on the Statues	387	W.R.W. Stephens	1889	patristic-greek	en	repentance;suffering;anger	newadvent	https://www.newadvent.org/fathers/190114.htm	patristics/john-chrysostom/reading/statues-homily-14.md	public-domain
john-chrysostom/statues-homily-15	John Chrysostom	c. 347	407	Homily 15 on the Statues	387	W.R.W. Stephens	1889	patristic-greek	en	repentance;suffering;anger	newadvent	https://www.newadvent.org/fathers/190115.htm	patristics/john-chrysostom/reading/statues-homily-15.md	public-domain
john-chrysostom/statues-homily-16	John Chrysostom	c. 347	407	Homily 16 on the Statues	387	W.R.W. Stephens	1889	patristic-greek	en	repentance;suffering;anger	newadvent	https://www.newadvent.org/fathers/190116.htm	patristics/john-chrysostom/reading/statues-homily-16.md	public-domain
john-chrysostom/statues-homily-17	John Chrysostom	c. 347	407	Homily 17 on the Statues	387	W.R.W. Stephens	1889	patristic-greek	en	repentance;suffering;anger	newadvent	https://www.newadvent.org/fathers/190117.htm	patristics/john-chrysostom/reading/statues-homily-17.md	public-domain
john-chrysostom/statues-homily-18	John Chrysostom	c. 347	407	Homily 18 on the Statues	387	W.R.W. Stephens	1889	patristic-greek	en	repentance;suffering;anger	newadvent	https://www.newadvent.org/fathers/190118.htm	patristics/john-chrysostom/reading/statues-homily-18.md	public-domain
john-chrysostom/statues-homily-19	John Chrysostom	c. 347	407	Homily 19 on the Statues	387	W.R.W. Stephens	1889	patristic-greek	en	repentance;suffering;anger	newadvent	https://www.newadvent.org/fathers/190119.htm	patristics/john-chrysostom/reading/statues-homily-19.md	public-domain
john-chrysostom/statues-homily-20	John Chrysostom	c. 347	407	Homily 20 on the Statues	387	W.R.W. Stephens	1889	patristic-greek	en	repentance;suffering;anger	newadvent	https://www.newadvent.org/fathers/190120.htm	patristics/john-chrysostom/reading/statues-homily-20.md	public-domain
john-chrysostom/statues-homily-21	John Chrysostom	c. 347	407	Homily 21 on the Statues	387	W.R.W. Stephens	1889	patristic-greek	en	repentance;suffering;anger	newadvent	https://www.newadvent.org/fathers/190121.htm	patristics/john-chrysostom/reading/statues-homily-21.md	public-domain
lactantius/on-the-anger-of-god	Lactantius	c. 250	c. 325	On the Anger of God (De Ira Dei)	c. 313	William Fletcher	1886	patristic-latin	en	anger	newadvent	https://www.newadvent.org/fathers/0703.htm	patristics/lactantius/reading/on-the-anger-of-god.md	public-domain
methodius/banquet-00-introduction	Methodius of Olympus		c. 311	The Banquet of the Ten Virgins: Introduction	c. 300	William R. Clark	1886	patristic-greek	en	self-discipline;sanctification	newadvent	https://www.newadvent.org/fathers/062300.htm	patristics/methodius/reading/banquet-00-introduction.md	public-domain
methodius/banquet-discourse-01	Methodius of Olympus		c. 311	The Banquet of the Ten Virgins: Discourse I	c. 300	William R. Clark	1886	patristic-greek	en	self-discipline;sanctification	newadvent	https://www.newadvent.org/fathers/062301.htm	patristics/methodius/reading/banquet-discourse-01.md	public-domain
methodius/banquet-discourse-02	Methodius of Olympus		c. 311	The Banquet of the Ten Virgins: Discourse II	c. 300	William R. Clark	1886	patristic-greek	en	self-discipline;sanctification	newadvent	https://www.newadvent.org/fathers/062302.htm	patristics/methodius/reading/banquet-discourse-02.md	public-domain
methodius/banquet-discourse-03	Methodius of Olympus		c. 311	The Banquet of the Ten Virgins: Discourse III	c. 300	William R. Clark	1886	patristic-greek	en	self-discipline;sanctification	newadvent	https://www.newadvent.org/fathers/062303.htm	patristics/methodius/reading/banquet-discourse-03.md	public-domain
methodius/banquet-discourse-04	Methodius of Olympus		c. 311	The Banquet of the Ten Virgins: Discourse IV	c. 300	William R. Clark	1886	patristic-greek	en	self-discipline;sanctification	newadvent	https://www.newadvent.org/fathers/062304.htm	patristics/methodius/reading/banquet-discourse-04.md	public-domain
methodius/banquet-discourse-05	Methodius of Olympus		c. 311	The Banquet of the Ten Virgins: Discourse V	c. 300	William R. Clark	1886	patristic-greek	en	self-discipline;sanctification	newadvent	https://www.newadvent.org/fathers/062305.htm	patristics/methodius/reading/banquet-discourse-05.md	public-domain
methodius/banquet-discourse-06	Methodius of Olympus		c. 311	The Banquet of the Ten Virgins: Discourse VI	c. 300	William R. Clark	1886	patristic-greek	en	self-discipline;sanctification	newadvent	https://www.newadvent.org/fathers/062306.htm	patristics/methodius/reading/banquet-discourse-06.md	public-domain
methodius/banquet-discourse-07	Methodius of Olympus		c. 311	The Banquet of the Ten Virgins: Discourse VII	c. 300	William R. Clark	1886	patristic-greek	en	self-discipline;sanctification	newadvent	https://www.newadvent.org/fathers/062307.htm	patristics/methodius/reading/banquet-discourse-07.md	public-domain
methodius/banquet-discourse-08	Methodius of Olympus		c. 311	The Banquet of the Ten Virgins: Discourse VIII	c. 300	William R. Clark	1886	patristic-greek	en	self-discipline;sanctification	newadvent	https://www.newadvent.org/fathers/062308.htm	patristics/methodius/reading/banquet-discourse-08.md	public-domain
methodius/banquet-discourse-09	Methodius of Olympus		c. 311	The Banquet of the Ten Virgins: Discourse IX	c. 300	William R. Clark	1886	patristic-greek	en	self-discipline;sanctification	newadvent	https://www.newadvent.org/fathers/062309.htm	patristics/methodius/reading/banquet-discourse-09.md	public-domain
methodius/banquet-discourse-10	Methodius of Olympus		c. 311	The Banquet of the Ten Virgins: Discourse X	c. 300	William R. Clark	1886	patristic-greek	en	self-discipline;sanctification	newadvent	https://www.newadvent.org/fathers/062310.htm	patristics/methodius/reading/banquet-discourse-10.md	public-domain
methodius/banquet-discourse-11	Methodius of Olympus		c. 311	The Banquet of the Ten Virgins: Discourse XI	c. 300	William R. Clark	1886	patristic-greek	en	self-discipline;sanctification	newadvent	https://www.newadvent.org/fathers/062311.htm	patristics/methodius/reading/banquet-discourse-11.md	public-domain
origen/on-prayer-curtis	Origen	c. 184	c. 253	On Prayer	c. 233	William A. Curtis		patristic-greek	en	prayer	ccel	https://ccel.org/ccel/origen/prayer/prayer	patristics/origen/reading/on-prayer-curtis.md	public-domain
tertullian/of-patience	Tertullian	c. 155	c. 240	Of Patience	c. 200	S. Thelwall	1885	patristic-latin	en	self-discipline;contentment	newadvent	https://www.newadvent.org/fathers/0325.htm	patristics/tertullian/reading/of-patience.md	public-domain
tertullian/on-fasting	Tertullian	c. 155	c. 240	On Fasting (De Ieiunio)	c. 210	S. Thelwall	1885	patristic-latin	en	gluttony;self-discipline	newadvent	https://www.newadvent.org/fathers/0408.htm	patristics/tertullian/reading/on-fasting.md	public-domain
tertullian/on-modesty	Tertullian	c. 155	c. 240	On Modesty (De Pudicitia)	c. 220	S. Thelwall	1885	patristic-latin	en	lust;self-discipline	newadvent	https://www.newadvent.org/fathers/0407.htm	patristics/tertullian/reading/on-modesty.md	public-domain
tertullian/on-prayer	Tertullian	c. 155	c. 240	On Prayer (De Oratione)	c. 198	S. Thelwall	1885	patristic-latin	en	prayer	newadvent	https://www.newadvent.org/fathers/0322.htm	patristics/tertullian/reading/on-prayer.md	public-domain
tertullian/on-repentance	Tertullian	c. 155	c. 240	On Repentance (De Paenitentia)	c. 203	S. Thelwall	1885	patristic-latin	en	repentance	newadvent	https://www.newadvent.org/fathers/0320.htm	patristics/tertullian/reading/on-repentance.md	public-domain
andrew-murray/humility	Andrew Murray	1828	1917	Humility: The Beauty of Holiness	1895			evangelical	en	humility	gutenberg	https://www.gutenberg.org/cache/epub/57121/pg57121.txt	tradition/andrew-murray/reading/humility.md	public-domain
andrew-murray/with-christ-in-the-school-of-prayer	Andrew Murray	1828	1917	With Christ in the School of Prayer	1885			evangelical	en	prayer	ccel	https://ccel.org/ccel/murray/prayer/prayer	tradition/andrew-murray/reading/with-christ-in-the-school-of-prayer.md	public-domain
charles-finney/lectures-on-revivals-of-religion	Charles Grandison Finney	1792	1875	Lectures on Revivals of Religion	1835			evangelical	en	repentance	ccel	https://ccel.org/ccel/finney/revivals/revivals	tradition/charles-finney/reading/lectures-on-revivals-of-religion.md	public-domain
charles-finney/memoirs-written-by-himself	Charles Grandison Finney	1792	1875	Memoirs of Rev. Charles G. Finney, Written by Himself	1876			evangelical	en	character	archive-org	https://archive.org/details/memoirsrevchar00finnrich	tradition/charles-finney/reading/memoirs-written-by-himself.md	public-domain; OCR-verify
charles-spurgeon/all-of-grace	Charles Haddon Spurgeon	1834	1892	All of Grace: An Earnest Word with Those Who Are Seeking Salvation	1886			evangelical	en	grace	ccel	https://ccel.org/ccel/s/spurgeon/grace/cache/grace.txt	tradition/charles-spurgeon/reading/all-of-grace.md	public-domain
charles-spurgeon/morning-and-evening	Charles Haddon Spurgeon	1834	1892	Morning and Evening: Daily Readings	1866			evangelical	en	grace;sanctification	ccel	https://ccel.org/ccel/s/spurgeon/morneve/cache/morneve.txt	tradition/charles-spurgeon/reading/morning-and-evening.md	public-domain
em-bounds/power-through-prayer	E. M. Bounds	1835	1913	Power Through Prayer	1912			evangelical	en	prayer	ccel	https://ccel.org/ccel/bounds/power/power	tradition/em-bounds/reading/power-through-prayer.md	public-domain
em-bounds/purpose-in-prayer	E. M. Bounds	1835	1913	Purpose in Prayer	c. 1913			evangelical	en	prayer	ccel	https://ccel.org/ccel/bounds/purpose/purpose	tradition/em-bounds/reading/purpose-in-prayer.md	public-domain
em-bounds/the-essentials-of-prayer	E. M. Bounds	1835	1913	The Essentials of Prayer	c. 1913			evangelical	en	prayer	ccel	https://ccel.org/ccel/bounds/essentials/essentials	tradition/em-bounds/reading/the-essentials-of-prayer.md	public-domain
em-bounds/the-necessity-of-prayer	E. M. Bounds	1835	1913	The Necessity of Prayer	c. 1913			evangelical	en	prayer	ccel	https://ccel.org/ccel/bounds/necessity/necessity	tradition/em-bounds/reading/the-necessity-of-prayer.md	public-domain
george-macdonald/diary-of-an-old-soul	George MacDonald	1824	1905	A Book of Strife in the Form of the Diary of an Old Soul	1880			evangelical	en	prayer;sanctification	gutenberg	https://www.gutenberg.org/ebooks/1953	tradition/george-macdonald/reading/diary-of-an-old-soul.md	public-domain
george-macdonald/unspoken-sermons	George MacDonald	1824	1905	Unspoken Sermons (Series I, II, and III)	1867/1889			evangelical	en	sanctification;grace	gutenberg	https://www.gutenberg.org/ebooks/9057	tradition/george-macdonald/reading/unspoken-sermons.md	public-domain
george-whitefield/selected-sermons	George Whitefield	1714	1770	Selected Sermons of George Whitefield	c. 1740			evangelical	en	repentance;grace	ccel	https://ccel.org/ccel/whitefield/sermons/sermons	tradition/george-whitefield/reading/selected-sermons.md	public-domain
hannah-whitall-smith/christians-secret-of-a-happy-life	Hannah Whitall Smith	1832	1911	The Christian's Secret of a Happy Life	1875			evangelical	en	contentment;sanctification	ccel	https://www.ccel.org/ccel/smith_hw/secret.html	tradition/hannah-whitall-smith/reading/christians-secret-of-a-happy-life.md	public-domain
horatius-bonar/gods-way-of-peace	Horatius Bonar	1808	1889	God's Way of Peace: A Book for the Anxious	1861			evangelical	en	contentment	ccel	https://ccel.org/ccel/bonar/peace/peace	tradition/horatius-bonar/reading/gods-way-of-peace.md	public-domain
james-allen/as-a-man-thinketh-allen	James Allen	1864	1912	As a Man Thinketh	1902			new-thought	en	character;self-discipline	gutenberg	https://www.gutenberg.org/ebooks/4507	tradition/james-allen/reading/as-a-man-thinketh-allen.md	public-domain
jc-ryle/expository-thoughts-matthew	J. C. Ryle	1816	1900	Expository Thoughts on the Gospels: Matthew	1860			evangelical	en	sanctification	ccel	https://ccel.org/ccel/ryle/matthew/matthew	tradition/jc-ryle/reading/expository-thoughts-matthew.md	public-domain
jc-ryle/holiness	J. C. Ryle	1816	1900	Holiness: Its Nature, Hindrances, Difficulties, and Roots	1877/1879			evangelical	en	sanctification;self-discipline	ccel	https://ccel.org/ccel/ryle/holiness/holiness	tradition/jc-ryle/reading/holiness.md	public-domain
jc-ryle/practical-religion	J. C. Ryle	1816	1900	Practical Religion	1878			evangelical	en	sanctification;self-discipline	gutenberg	https://www.gutenberg.org/cache/epub/38162/pg38162.txt	tradition/jc-ryle/reading/practical-religion.md	public-domain
john-bunyan/grace-abounding	John Bunyan	1628	1688	Grace Abounding to the Chief of Sinners	1666			puritan	en	repentance;grace;temptation	gutenberg	https://www.gutenberg.org/ebooks/654	tradition/john-bunyan/reading/grace-abounding.md	public-domain
john-bunyan/holy-war	John Bunyan	1628	1688	The Holy War	1682			puritan	en	spiritual-warfare;temptation	gutenberg	https://www.gutenberg.org/ebooks/395	tradition/john-bunyan/reading/holy-war.md	public-domain
john-bunyan/pilgrims-progress	John Bunyan	1628	1688	The Pilgrim's Progress	1678/1684			puritan	en	spiritual-warfare;temptation;sanctification	gutenberg	https://www.gutenberg.org/ebooks/131	tradition/john-bunyan/reading/pilgrims-progress.md	public-domain
john-calvin/commentary-on-romans	John Calvin	1509	1564	Commentary on Romans	1540	John Owen (Calvin Translation Society)	1849	reformation	en	grace	ccel	https://ccel.org/ccel/c/calvin/calcom38/cache/calcom38.txt	tradition/john-calvin/reading/commentary-on-romans.md	public-domain
john-calvin/institutes-of-the-christian-religion	John Calvin	1509	1564	Institutes of the Christian Religion	1559	Henry Beveridge	1845	reformation	en	grace;sanctification;providence	ccel	https://ccel.org/ccel/c/calvin/institutes/cache/institutes.txt	tradition/john-calvin/reading/institutes-of-the-christian-religion.md	public-domain
john-flavel/keeping-the-heart	John Flavel	1630	1691	Keeping the Heart (A Saint Indeed)	1668			puritan	en	watchfulness;self-discipline	ccel	https://ccel.org/ccel/flavel/saintindeed/cache/saintindeed.txt	tradition/john-flavel/reading/keeping-the-heart.md	public-domain
john-flavel/mystery-of-providence	John Flavel	1630	1691	The Mystery of Providence (Divine Conduct)	1678			puritan	en	providence	archive-org	https://archive.org/details/divineconductorm00flavuoft	tradition/john-flavel/reading/mystery-of-providence.md	public-domain; OCR-verify
john-foxe/book-of-martyrs	John Foxe	1516	1587	Actes and Monuments (Foxe's Book of Martyrs)	1563			reformation	en	suffering;character	gutenberg	https://www.gutenberg.org/cache/epub/22400/pg22400.txt	tradition/john-foxe/reading/book-of-martyrs.md	public-domain
john-owen/communion-with-god	John Owen	1616	1683	Of Communion with God	1657			puritan	en	grace;sanctification	ccel	https://ccel.org/ccel/owen/communion/communion	tradition/john-owen/reading/communion-with-god.md	public-domain
john-owen/dominion-of-sin-and-grace	John Owen	1616	1683	Of the Dominion of Sin and Grace	1688			puritan	en	grace;sanctification	ccel	https://ccel.org/ccel/owen/sin_grace/sin_grace	tradition/john-owen/reading/dominion-of-sin-and-grace.md	public-domain
john-owen/glory-of-christ	John Owen	1616	1683	Meditations and Discourses on the Glory of Christ	1684			puritan	en	sanctification	ccel	https://ccel.org/ccel/owen/glory/glory	tradition/john-owen/reading/glory-of-christ.md	public-domain
john-owen/indwelling-sin	John Owen	1616	1683	The Nature, Power, Deceit, and Prevalency of Indwelling Sin	1667			puritan	en	temptation;self-discipline;sanctification	ccel	https://ccel.org/ccel/owen/indwellingsin/indwellingsin	tradition/john-owen/reading/indwelling-sin.md	public-domain
john-owen/mortification-of-sin	John Owen	1616	1683	Of the Mortification of Sin in Believers	1656			puritan	en	self-discipline;temptation;sanctification	ccel	https://ccel.org/ccel/owen/mort/mort	tradition/john-owen/reading/mortification-of-sin.md	public-domain
john-owen/of-temptation	John Owen	1616	1683	Of Temptation	1658			puritan	en	temptation;watchfulness	ccel	https://ccel.org/ccel/owen/temptation/temptation	tradition/john-owen/reading/of-temptation.md	public-domain
john-wesley/journal-of-john-wesley	John Wesley	1703	1791	The Journal of John Wesley (abridged, ed. Parker)	1739/1790			evangelical	en	sanctification;character	ccel	https://ccel.org/ccel/wesley/journal/journal	tradition/john-wesley/reading/journal-of-john-wesley.md	public-domain
john-wesley/plain-account-christian-perfection	John Wesley	1703	1791	A Plain Account of Christian Perfection	1766/1777			evangelical	en	sanctification	ccel	https://ccel.org/ccel/wesley/perfection/perfection	tradition/john-wesley/reading/plain-account-christian-perfection.md	public-domain
john-wesley/sermons-on-several-occasions	John Wesley	1703	1791	Sermons on Several Occasions	1771			evangelical	en	sanctification;grace	ccel	https://ccel.org/ccel/wesley/sermons/sermons	tradition/john-wesley/reading/sermons-on-several-occasions.md	public-domain
jonathan-edwards/freedom-of-the-will	Jonathan Edwards	1703	1758	Freedom of the Will	1754			puritan	en	providence	ccel	https://ccel.org/ccel/edwards/will/will	tradition/jonathan-edwards/reading/freedom-of-the-will.md	public-domain
jonathan-edwards/religious-affections	Jonathan Edwards	1703	1758	A Treatise Concerning Religious Affections	1746			puritan	en	sanctification;discernment	ccel	https://ccel.org/ccel/edwards/affections/affections	tradition/jonathan-edwards/reading/religious-affections.md	public-domain
jonathan-edwards/sinners-in-the-hands-of-an-angry-god	Jonathan Edwards	1703	1758	Sinners in the Hands of an Angry God	1741			puritan	en	repentance;suffering	gutenberg	https://www.gutenberg.org/cache/epub/34632/pg34632.txt	tradition/jonathan-edwards/reading/sinners-in-the-hands-of-an-angry-god.md	public-domain
martin-luther/commentary-on-galatians	Martin Luther	1483	1546	Commentary on Galatians	1535	Theodore Graebner	1939	reformation	en	grace;sanctification	gutenberg	https://www.gutenberg.org/ebooks/1549	tradition/martin-luther/reading/commentary-on-galatians.md	public-domain
martin-luther/the-bondage-of-the-will	Martin Luther	1483	1546	The Bondage of the Will	1525	Henry Cole	1823	reformation	en	providence;grace	ccel	https://ccel.org/ccel/l/luther/bondage/cache/bondage.txt	tradition/martin-luther/reading/the-bondage-of-the-will.md	public-domain
martin-luther/the-table-talk-of-martin-luther	Martin Luther	1483	1546	The Table Talk of Martin Luther	c. 1540	William Hazlitt (from Henry Bell, 1652)	1848	reformation	en	character	ccel	https://ccel.org/ccel/l/luther/tabletalk/cache/tabletalk.txt	tradition/martin-luther/reading/the-table-talk-of-martin-luther.md	public-domain
reformed-confessions/1689-london-baptist-confession				The 1689 London Baptist Confession of Faith	1677/1689			reformation	en	grace;sanctification	ccel	https://ccel.org/ccel/anonymous/bcf/cache/bcf.txt	tradition/reformed-confessions/reading/1689-london-baptist-confession.md	public-domain
reformed-confessions/canons-of-dort				The Canons of the Synod of Dort	1619			reformation	en	grace;sanctification	ccel	https://ccel.org/ccel/anonymous/canonsofdort/cache/canonsofdort.txt	tradition/reformed-confessions/reading/canons-of-dort.md	public-domain
reformed-confessions/heidelberg-catechism				The Heidelberg Catechism	1563			reformation	en	grace;sanctification	ccel	https://ccel.org/ccel/anonymous/heidelberg/cache/heidelberg.txt	tradition/reformed-confessions/reading/heidelberg-catechism.md	public-domain
reformed-confessions/westminster-confession-of-faith				The Westminster Confession of Faith	1646			reformation	en	grace;sanctification	ccel	https://ccel.org/ccel/anonymous/wcf/cache/wcf.txt	tradition/reformed-confessions/reading/westminster-confession-of-faith.md	public-domain
reformed-confessions/westminster-larger-catechism				The Westminster Larger Catechism	1647			reformation	en	grace;sanctification	ccel	https://ccel.org/ccel/anonymous/wlc/cache/wlc.txt	tradition/reformed-confessions/reading/westminster-larger-catechism.md	public-domain
reformed-confessions/westminster-shorter-catechism				The Westminster Shorter Catechism	1647			reformation	en	grace;sanctification	ccel	https://ccel.org/ccel/anonymous/wsc/cache/wsc.txt	tradition/reformed-confessions/reading/westminster-shorter-catechism.md	public-domain
richard-baxter/call-to-the-unconverted	Richard Baxter	1615	1691	A Call to the Unconverted	1658			puritan	en	repentance	ccel	https://ccel.org/ccel/baxter/unconverted/unconverted	tradition/richard-baxter/reading/call-to-the-unconverted.md	public-domain
richard-baxter/reformed-pastor	Richard Baxter	1615	1691	The Reformed Pastor	1656			puritan	en	leadership;work	ccel	https://ccel.org/ccel/baxter/pastor/pastor	tradition/richard-baxter/reading/reformed-pastor.md	public-domain
richard-baxter/saints-everlasting-rest	Richard Baxter	1615	1691	The Saints' Everlasting Rest	1650			puritan	en	contentment;sanctification	ccel	https://ccel.org/ccel/baxter/saints_rest/saints_rest	tradition/richard-baxter/reading/saints-everlasting-rest.md	public-domain
richard-sibbes/works-vol1-includes-bruised-reed	Richard Sibbes	1577	1635	The Complete Works, Vol. I (incl. The Bruised Reed and Smoking Flax)	1630			puritan	en	grace;contentment;sorrow	archive-org	https://archive.org/details/completeworkso01sibb	tradition/richard-sibbes/reading/works-vol1-includes-bruised-reed.md	public-domain; OCR-verify
stephen-charnock/existence-and-attributes-of-god	Stephen Charnock	1628	1680	The Existence and Attributes of God	1682			puritan	en	providence	gutenberg	https://www.gutenberg.org/cache/epub/53527/pg53527.txt	tradition/stephen-charnock/reading/existence-and-attributes-of-god.md	public-domain
thomas-a-kempis/imitation-of-christ-benham	Thomas à Kempis	c. 1380	1471	The Imitation of Christ	c. 1420	William Benham		catholic-devotional	en	humility;sanctification;self-discipline	gutenberg	https://www.gutenberg.org/ebooks/1653	tradition/thomas-a-kempis/reading/imitation-of-christ-benham.md	public-domain
thomas-brooks/heaven-on-earth	Thomas Brooks	1608	1680	Heaven on Earth	1654			puritan	en	contentment;grace	archive-org	https://digitalpuritan.net/Digital%20Puritan%20Resources/Brooks,%20Thomas/The%20Complete%20Works%20of%20Thomas%20Brooks%20(vol.2).txt	tradition/thomas-brooks/reading/heaven-on-earth.md	public-domain; OCR-verify
thomas-brooks/mute-christian-under-the-smarting-rod	Thomas Brooks	1608	1680	The Mute Christian Under the Smarting Rod	1659			puritan	en	suffering;contentment	archive-org	https://digitalpuritan.net/Digital%20Puritan%20Resources/Brooks%2C%20Thomas/The%20Complete%20Works%20of%20Thomas%20Brooks%20(vol.1).txt	tradition/thomas-brooks/reading/mute-christian-under-the-smarting-rod.md	public-domain; OCR-verify
thomas-watson/all-things-for-good	Thomas Watson	c. 1620	1686	All Things for Good (A Divine Cordial)	1663			puritan	en	providence;contentment;suffering	ccel	https://ccel.org/ccel/watson/cordial/cordial	tradition/thomas-watson/reading/all-things-for-good.md	public-domain
thomas-watson/art-of-divine-contentment	Thomas Watson	c. 1620	1686	The Art of Divine Contentment	1653			puritan	en	contentment	ccel	https://ccel.org/ccel/watson/contentment/contentment	tradition/thomas-watson/reading/art-of-divine-contentment.md	public-domain
thomas-watson/body-of-divinity	Thomas Watson	c. 1620	1686	A Body of Divinity	c. 1690			puritan	en	grace;sanctification	ccel	https://ccel.org/ccel/watson/divinity/divinity	tradition/thomas-watson/reading/body-of-divinity.md	public-domain
thomas-watson/doctrine-of-repentance	Thomas Watson	c. 1620	1686	The Doctrine of Repentance	1668			puritan	en	repentance	ota-tcp	https://ota.bodleian.ox.ac.uk/repository/xmlui/handle/20.500.12024/A65293	tradition/thomas-watson/reading/doctrine-of-repentance.md	public-domain
walter-marshall/gospel-mystery-of-sanctification	Walter Marshall	1628	1680	The Gospel Mystery of Sanctification	1692			puritan	en	sanctification;grace	archive-org	https://archive.org/details/gospelmysteryofs0000revw	tradition/walter-marshall/reading/gospel-mystery-of-sanctification.md	public-domain; OCR-verify
william-gurnall/christian-in-complete-armour-vol1	William Gurnall	1616	1679	The Christian in Complete Armour, Vol. I	1655			puritan	en	spiritual-warfare;temptation;watchfulness	ccel	https://ccel.org/ccel/gurnall/armour1/armour1	tradition/william-gurnall/reading/christian-in-complete-armour-vol1.md	public-domain
william-gurnall/christian-in-complete-armour-vol2	William Gurnall	1616	1679	The Christian in Complete Armour, Vol. II	1662			puritan	en	spiritual-warfare;temptation;watchfulness	ccel	https://ccel.org/ccel/gurnall/armour2/armour2	tradition/william-gurnall/reading/christian-in-complete-armour-vol2.md	public-domain
josephus/antiquities-of-the-jews	Flavius Josephus	37	100	The Antiquities of the Jews	94	William Whiston	1737	jewish	en	providence;character;leadership;wealth	gutenberg	https://www.gutenberg.org/cache/epub/2848/pg2848.txt	jewish/josephus/reading/antiquities-of-the-jews.md	public-domain
josephus/wars-of-the-jews	Flavius Josephus	37	100	The Wars of the Jews	75	William Whiston	1737	jewish	en	suffering;providence;leadership	gutenberg	https://www.gutenberg.org/cache/epub/2850/pg2850.txt	jewish/josephus/reading/wars-of-the-jews.md	public-domain
josephus/against-apion	Flavius Josephus	37	100	Against Apion	96	William Whiston	1737	jewish	en	apologetics;character;discernment	gutenberg	https://www.gutenberg.org/cache/epub/2849/pg2849.txt	jewish/josephus/reading/against-apion.md	public-domain
josephus/life-of-flavius-josephus	Flavius Josephus	37	100	The Life of Flavius Josephus	99	William Whiston	1737	jewish	en	character;leadership	gutenberg	https://www.gutenberg.org/cache/epub/2846/pg2846.txt	jewish/josephus/reading/life-of-flavius-josephus.md	public-domain
philo/works-of-philo-judaeus	Philo of Alexandria	-20	50	The Works of Philo Judaeus	40	Charles Duke Yonge	1854	jewish	en	providence;character;discernment;self-discipline	ccel	https://ccel.org/ccel/p/philo/works/cache/works.txt	jewish/philo/reading/works-of-philo-judaeus.md	public-domain
apocrypha/apocrypha				The Apocrypha (KJV 1611)	-150	KJV translators	1611	jewish	en	wisdom;providence;suffering;character	gutenberg	https://www.gutenberg.org/cache/epub/124/pg124.txt	jewish/apocrypha/reading/apocrypha.md	public-domain
edersheim/life-and-times-of-jesus-the-messiah	Alfred Edersheim	1825	1889	The Life and Times of Jesus the Messiah	1883			jewish	en	discernment;character;wisdom	ccel	https://ccel.org/ccel/edersheim/lifetimes	jewish/edersheim/reading/life-and-times-of-jesus-the-messiah.md	public-domain
edersheim/sketches-of-jewish-social-life	Alfred Edersheim	1825	1889	Sketches of Jewish Social Life	1876			jewish	en	character;work;wisdom	ccel	https://ccel.org/ccel/edersheim/sketches	jewish/edersheim/reading/sketches-of-jewish-social-life.md	public-domain
edersheim/temple-its-ministry-and-services	Alfred Edersheim	1825	1889	The Temple: Its Ministry and Services	1874			jewish	en	prayer;character;wisdom	ccel	https://ccel.org/ccel/edersheim/temple	jewish/edersheim/reading/temple-its-ministry-and-services.md	public-domain
pseudepigrapha/book-of-enoch	attrib. Enoch			The Book of Enoch	-200	R. H. Charles	1917	jewish	en	discernment;wisdom;suffering	sacred-texts	https://sacred-texts.com/bib/boe/index.htm	jewish/pseudepigrapha/reading/book-of-enoch.md	public-domain
pseudepigrapha/apocrypha-pseudepigrapha-charles-vol2	R. H. Charles (ed.)	1855	1931	The Apocrypha and Pseudepigrapha of the OT, vol. 2 (Pseudepigrapha)	1913	R. H. Charles et al.	1913	jewish	en	wisdom;discernment;providence	archive-org	https://archive.org/details/apocryphapseudep02charuoft	jewish/pseudepigrapha/reading/apocrypha-pseudepigrapha-charles-vol2.md	public-domain; OCR-verify
targums/targums-onkelos-jonathan-etheridge-1862-djvu	trad. Onkelos/Jonathan			The Targums of Onkelos and Jonathan on the Pentateuch	200	J. W. Etheridge	1862	jewish	en	wisdom;providence	archive-org	https://archive.org/details/cu31924074296975	jewish/targums/reading/targums-onkelos-jonathan-etheridge-1862-djvu.md	public-domain; OCR-verify
barnes/barnes-nt-notes	Albert Barnes	1798	1870	Notes on the New Testament, Explanatory and Practical	1832-1851			reference	en	scripture	ccel	https://ccel.org/ccel/barnes/ntnotes/ntnotes	reference/barnes/reading/barnes-nt-notes.md	public-domain
eusebius/church-history	Eusebius of Caesarea	c. 260	c. 340	Church History (Ecclesiastical History)	c. 325	Arthur Cushman McGiffert	1890	reference	en	apologetics;suffering;character	newadvent	https://www.newadvent.org/fathers/2501.htm	reference/eusebius/reading/church-history.md	public-domain
jfb/jfb-commentary	Robert Jamieson, A. R. Fausset, and David Brown			Commentary Critical and Explanatory on the Whole Bible	1871			reference	en	scripture	ccel	https://ccel.org/ccel/jamieson/jfb/jfb	reference/jfb/reading/jfb-commentary.md	public-domain
matthew-henry/mhc1-genesis-deuteronomy	Matthew Henry	1662	1714	Commentary on the Whole Bible, Vol. I: Genesis to Deuteronomy	1706-1721			reference	en	scripture	ccel	https://ccel.org/ccel/henry/mhc1/mhc1	reference/matthew-henry/reading/mhc1-genesis-deuteronomy.md	public-domain
matthew-henry/mhc2-joshua-esther	Matthew Henry	1662	1714	Commentary on the Whole Bible, Vol. II: Joshua to Esther	1706-1721			reference	en	scripture	ccel	https://ccel.org/ccel/henry/mhc2/mhc2	reference/matthew-henry/reading/mhc2-joshua-esther.md	public-domain
matthew-henry/mhc3-job-song-of-solomon	Matthew Henry	1662	1714	Commentary on the Whole Bible, Vol. III: Job to Song of Solomon	1706-1721			reference	en	scripture	ccel	https://ccel.org/ccel/henry/mhc3/mhc3	reference/matthew-henry/reading/mhc3-job-song-of-solomon.md	public-domain
matthew-henry/mhc4-isaiah-malachi	Matthew Henry	1662	1714	Commentary on the Whole Bible, Vol. IV: Isaiah to Malachi	1706-1721			reference	en	scripture	ccel	https://ccel.org/ccel/henry/mhc4/mhc4	reference/matthew-henry/reading/mhc4-isaiah-malachi.md	public-domain
matthew-henry/mhc5-matthew-john	Matthew Henry	1662	1714	Commentary on the Whole Bible, Vol. V: Matthew to John	1706-1721			reference	en	scripture	ccel	https://ccel.org/ccel/henry/mhc5/mhc5	reference/matthew-henry/reading/mhc5-matthew-john.md	public-domain
matthew-henry/mhc6-acts-revelation	Matthew Henry	1662	1714	Commentary on the Whole Bible, Vol. VI: Acts to Revelation	1706-1721			reference	en	scripture	ccel	https://ccel.org/ccel/henry/mhc6/mhc6	reference/matthew-henry/reading/mhc6-acts-revelation.md	public-domain
schaff/hcc1	Philip Schaff	1819	1893	History of the Christian Church, Volume I: Apostolic Christianity, A.D. 1-100	1858-1892			reference	en	apologetics;character	ccel	https://ccel.org/ccel/schaff/hcc1/hcc1	reference/schaff/reading/hcc1.md	public-domain
schaff/hcc2	Philip Schaff	1819	1893	History of the Christian Church, Volume II: Ante-Nicene Christianity, A.D. 100-325	1858-1892			reference	en	apologetics;character	ccel	https://ccel.org/ccel/schaff/hcc2/hcc2	reference/schaff/reading/hcc2.md	public-domain
schaff/hcc3	Philip Schaff	1819	1893	History of the Christian Church, Volume III: Nicene and Post-Nicene Christianity, A.D. 311-600	1858-1892			reference	en	apologetics;character	ccel	https://ccel.org/ccel/schaff/hcc3/hcc3	reference/schaff/reading/hcc3.md	public-domain
schaff/hcc4	Philip Schaff	1819	1893	History of the Christian Church, Volume IV: Mediaeval Christianity, A.D. 590-1073	1858-1892			reference	en	apologetics;character	ccel	https://ccel.org/ccel/schaff/hcc4/hcc4	reference/schaff/reading/hcc4.md	public-domain
schaff/hcc5	Philip Schaff	1819	1893	History of the Christian Church, Volume V: The Middle Ages, A.D. 1049-1294	1858-1892			reference	en	apologetics;character	ccel	https://ccel.org/ccel/schaff/hcc5/hcc5	reference/schaff/reading/hcc5.md	public-domain
schaff/hcc6	Philip Schaff	1819	1893	History of the Christian Church, Volume VI: The Middle Ages, A.D. 1294-1517	1858-1892			reference	en	apologetics;character	ccel	https://ccel.org/ccel/schaff/hcc6/hcc6	reference/schaff/reading/hcc6.md	public-domain
schaff/hcc7	Philip Schaff	1819	1893	History of the Christian Church, Volume VII: Modern Christianity, The German Reformation	1858-1892			reference	en	apologetics;character	ccel	https://ccel.org/ccel/schaff/hcc7/hcc7	reference/schaff/reading/hcc7.md	public-domain
schaff/hcc8	Philip Schaff	1819	1893	History of the Christian Church, Volume VIII: Modern Christianity, The Swiss Reformation	1858-1892			reference	en	apologetics;character	ccel	https://ccel.org/ccel/schaff/hcc8/hcc8	reference/schaff/reading/hcc8.md	public-domain
kjv/kjv				The Holy Bible: King James (Authorized) Version		KJV translators	1611	scripture	en	scripture	gutenberg	https://www.gutenberg.org/cache/epub/10/pg10.txt	scripture/kjv/reading/kjv.md	public-domain
douay-rheims/douay-rheims				The Holy Bible: Douay-Rheims Version (Challoner Revision)		Gregory Martin (1582 NT, 1609-1610 OT); rev. Richard Challoner	1749-1752	scripture	en	scripture	gutenberg	https://www.gutenberg.org/cache/epub/8300/pg8300.txt	scripture/douay-rheims/reading/douay-rheims.md	public-domain
anselm/proslogium-monologium-cur-deus-homo	Anselm of Canterbury	1033	1109	Proslogium; Monologium; An Appendix in Behalf of the Fool by Gaunilon; and Cur Deus Homo	c. 1077-1098	Sidney Norton Deane; James Gardiner Vose (Cur Deus Homo)	1903	medieval	en	apologetics;wisdom	ccel	https://ccel.org/ccel/anselm/basic_works	patristics/anselm/reading/proslogium-monologium-cur-deus-homo.md	public-domain
augustine/city-of-god-dods	Augustine of Hippo	354	430	The City of God	c. 413-426	Marcus Dods	1871	patristic-latin	en	providence;apologetics	gutenberg	https://www.gutenberg.org/ebooks/45304	patristics/augustine/reading/city-of-god-dods.md	public-domain
augustine/enchiridion-shaw	Augustine of Hippo	354	430	Enchiridion (on Faith, Hope, and Love)	c. 421	J.F. Shaw	1887	patristic-latin	en	grace;providence	newadvent	https://www.newadvent.org/fathers/1302.htm	patristics/augustine/reading/enchiridion-shaw.md	public-domain
augustine/on-christian-doctrine-shaw	Augustine of Hippo	354	430	On Christian Doctrine	c. 397-426	James Shaw	1887	patristic-latin	en	wisdom;discernment	ccel	https://ccel.org/ccel/augustine/doctrine	patristics/augustine/reading/on-christian-doctrine-shaw.md	public-domain
bernard-of-clairvaux/on-loving-god	Bernard of Clairvaux	1090	1153	On Loving God (De diligendo Deo)	c. 1126			medieval	en	grace;wisdom	ccel	https://ccel.org/ccel/bernard/loving_god	patristics/bernard-of-clairvaux/reading/on-loving-god.md	public-domain
thomas-aquinas/summa-theologica-complete	Thomas Aquinas	1225	1274	Summa Theologica	c. 1265-1274	Fathers of the English Dominican Province	1947	medieval	en	wisdom;apologetics;discernment	ccel	https://ccel.org/ccel/aquinas/summa	patristics/thomas-aquinas/reading/summa-theologica-complete.md	public-domain
brother-lawrence/practice-of-the-presence	Brother Lawrence	c. 1614	1691	The Practice of the Presence of God	c. 1666-1691			catholic-devotional	en	contentment;providence	gutenberg	https://www.gutenberg.org/ebooks/13871	tradition/brother-lawrence/reading/practice-of-the-presence.md	public-domain
dante/divine-comedy-longfellow-complete	Dante Alighieri	1265	1321	The Divine Comedy	c. 1308-1320	Henry Wadsworth Longfellow	1867	medieval	en	suffering;wisdom	gutenberg	https://www.gutenberg.org/ebooks/1004	tradition/dante/reading/divine-comedy-longfellow-complete.md	public-domain
de-caussade/abandonment-to-divine-providence	Jean-Pierre de Caussade	1675	1751	Abandonment to Divine Providence	c. 1730-1740	Ella McMahon (ed. Henri Ramiere)		catholic-devotional	en	providence;contentment	gutenberg	https://www.gutenberg.org/ebooks/52057	tradition/de-caussade/reading/abandonment-to-divine-providence.md	public-domain
francis-de-sales/introduction-to-the-devout-life	Francis de Sales	1567	1622	Introduction to the Devout Life	c. 1609			catholic-devotional	en	self-discipline;contentment	ccel	https://ccel.org/ccel/desales/devout_life/devout_life	tradition/francis-de-sales/reading/introduction-to-the-devout-life.md	public-domain
francis-de-sales/treatise-on-the-love-of-god	Francis de Sales	1567	1622	Treatise on the Love of God	c. 1616	Henry Benedict Mackey	c. 1884	catholic-devotional	en	grace;contentment	ccel	https://ccel.org/ccel/desales/love/love	tradition/francis-de-sales/reading/treatise-on-the-love-of-god.md	public-domain
gk-chesterton/everlasting-man	G. K. Chesterton	1874	1936	The Everlasting Man	1925			catholic-devotional	en	apologetics;wisdom	gutenberg	https://www.gutenberg.org/ebooks/65688	tradition/gk-chesterton/reading/everlasting-man.md	public-domain
gk-chesterton/heretics	G. K. Chesterton	1874	1936	Heretics	1905			catholic-devotional	en	apologetics	gutenberg	https://www.gutenberg.org/ebooks/470	tradition/gk-chesterton/reading/heretics.md	public-domain
gk-chesterton/orthodoxy	G. K. Chesterton	1874	1936	Orthodoxy	1908			catholic-devotional	en	apologetics;wisdom	gutenberg	https://www.gutenberg.org/ebooks/130	tradition/gk-chesterton/reading/orthodoxy.md	public-domain
ignatius-of-loyola/spiritual-exercises	Ignatius of Loyola	1491	1556	Spiritual Exercises	c. 1522-1524	Elder Mullan	1914	catholic-devotional	en	discernment;spiritual-warfare;self-discipline	ccel	https://ccel.org/ccel/ignatius/exercises/exercises	tradition/ignatius-of-loyola/reading/spiritual-exercises.md	public-domain
john-of-the-cross/ascent-of-mount-carmel-lewis	John of the Cross	1542	1591	Ascent of Mount Carmel	c. 1578-1585	David Lewis	1864	catholic-devotional	en	discernment;self-discipline	archive-org	https://archive.org/details/ascentofmountcar0000john	tradition/john-of-the-cross/reading/ascent-of-mount-carmel-lewis.md	public-domain; OCR-verify
john-of-the-cross/dark-night-of-the-soul-lewis	John of the Cross	1542	1591	Dark Night of the Soul	c. 1578-1585	David Lewis	1864	catholic-devotional	en	suffering;discernment	archive-org	https://archive.org/details/darknightofsoul00sain	tradition/john-of-the-cross/reading/dark-night-of-the-soul-lewis.md	public-domain; OCR-verify
lorenzo-scupoli/spiritual-combat	Lorenzo Scupoli	c. 1530	1610	The Spiritual Combat	c. 1589		1875	catholic-devotional	en	spiritual-warfare;self-discipline;temptation	wikisource	https://en.wikisource.org/wiki/The_Spiritual_Combat	tradition/lorenzo-scupoli/reading/spiritual-combat.md	public-domain
teresa-of-avila/interior-castle	Teresa of Avila	1515	1582	The Interior Castle	c. 1577	Benedictines of Stanbrook (ed. Benedict Zimmerman)	1921	catholic-devotional	en	discernment;contentment	ccel	https://ccel.org/ccel/teresa/castle2/castle2	tradition/teresa-of-avila/reading/interior-castle.md	public-domain
teresa-of-avila/life-of-st-teresa-of-jesus-lewis	Teresa of Avila	1515	1582	The Life of St. Teresa of Jesus	c. 1565	David Lewis		catholic-devotional	en	suffering;discernment	gutenberg	https://www.gutenberg.org/ebooks/8120	tradition/teresa-of-avila/reading/life-of-st-teresa-of-jesus-lewis.md	public-domain
teresa-of-avila/way-of-perfection	Teresa of Avila	1515	1582	The Way of Perfection	c. 1566			catholic-devotional	en	self-discipline;contentment	archive-org	https://archive.org/details/wayofperfection00tere_0	tradition/teresa-of-avila/reading/way-of-perfection.md	public-domain; OCR-verify
adam-smith/theory-of-moral-sentiments	Adam Smith	1723	1790	The Theory of Moral Sentiments	1759			business	en	character;self-discipline	gutenberg	https://www.gutenberg.org/ebooks/67363	business/adam-smith/reading/theory-of-moral-sentiments.md	public-domain
adam-smith/wealth-of-nations	Adam Smith	1723	1790	An Inquiry into the Nature and Causes of the Wealth of Nations	1776			business	en	wealth;work	gutenberg	https://www.gutenberg.org/ebooks/3300	business/adam-smith/reading/wealth-of-nations.md	public-domain
alfred-marshall/principles-of-economics	Alfred Marshall	1842	1924	Principles of Economics	1890			business	en	wealth;work	archive-org	https://archive.org/details/principlesofecon0000unse_c5g5	business/alfred-marshall/reading/principles-of-economics.md	public-domain; OCR-verify
barnum/art-of-money-getting	P. T. Barnum	1810	1891	The Art of Money Getting; or, Golden Rules for Making Money	c. 1880			business	en	wealth;character	gutenberg	https://www.gutenberg.org/ebooks/8581	business/barnum/reading/art-of-money-getting.md	public-domain
carnegie/autobiography-of-andrew-carnegie	Andrew Carnegie	1835	1919	Autobiography of Andrew Carnegie	c. 1912-1919			business	en	character;wealth	gutenberg	https://www.gutenberg.org/ebooks/17976	business/carnegie/reading/autobiography-of-andrew-carnegie.md	public-domain
carnegie/gospel-of-wealth	Andrew Carnegie	1835	1919	The Gospel of Wealth	1889			business	en	wealth;leadership	archive-org	https://archive.org/details/gospelofwealthot00carn	business/carnegie/reading/gospel-of-wealth.md	public-domain; OCR-verify
machiavelli/the-prince	Niccolo Machiavelli	1469	1527	The Prince	c. 1513	W. K. Marriott	1908	business	en	leadership;character	gutenberg	https://www.gutenberg.org/ebooks/1232	business/machiavelli/reading/the-prince.md	public-domain
mill/on-liberty	John Stuart Mill	1806	1873	On Liberty	1859			business	en	wisdom;character	gutenberg	https://www.gutenberg.org/ebooks/34901	business/mill/reading/on-liberty.md	public-domain
mill/principles-of-political-economy	John Stuart Mill	1806	1873	Principles of Political Economy (abridged ed.)	1848	J. Laurence Laughlin (abridged ed.)	1885	business	en	wealth;work	gutenberg	https://www.gutenberg.org/ebooks/30107	business/mill/reading/principles-of-political-economy.md	public-domain
ricardo/principles-of-political-economy-and-taxation	David Ricardo	1772	1823	On the Principles of Political Economy, and Taxation	1817			business	en	wealth;work	gutenberg	https://www.gutenberg.org/ebooks/33310	business/ricardo/reading/principles-of-political-economy-and-taxation.md	public-domain
sun-tzu/art-of-war	Sun Tzu		c. 5th century BC	The Art of War	c. 5th century BC	Lionel Giles	1910	business	en	leadership;wisdom	gutenberg	https://www.gutenberg.org/ebooks/132	business/sun-tzu/reading/art-of-war.md	public-domain
veblen/theory-of-the-leisure-class	Thorstein Veblen	1857	1929	The Theory of the Leisure Class	1899			business	en	wealth;character	gutenberg	https://www.gutenberg.org/ebooks/833	business/veblen/reading/theory-of-the-leisure-class.md	public-domain
aristotle/nicomachean-ethics	Aristotle	-384	-322	Nicomachean Ethics	c. 340 BC			classical	en	character;wisdom;self-discipline	gutenberg	https://www.gutenberg.org/cache/epub/8438/pg8438.txt	classical/aristotle/reading/nicomachean-ethics.md	public-domain
aristotle/politics	Aristotle	-384	-322	Politics	c. 335-323 BC	William Ellis	1912	classical	en	leadership;wisdom	gutenberg	https://www.gutenberg.org/cache/epub/6762/pg6762.txt	classical/aristotle/reading/politics.md	public-domain
cicero/de-officiis	Cicero	-106	-43	De Officiis (On Duties)	-44	Walter Miller	1913	classical	en	character;self-discipline	gutenberg	https://www.gutenberg.org/cache/epub/47001/pg47001.txt	classical/cicero/reading/de-officiis.md	public-domain
cicero/on-friendship-and-old-age	Cicero	-106	-43	Treatises on Friendship and Old Age (Laelius de Amicitia; Cato Maior de Senectute)	-44	Evelyn S. Shuckburgh		classical	en	contentment;wisdom	gutenberg	https://www.gutenberg.org/cache/epub/2808/pg2808.txt	classical/cicero/reading/on-friendship-and-old-age.md	public-domain
diogenes-laertius/lives-of-eminent-philosophers	Diogenes Laertius		c. 3rd century AD	Lives of the Eminent Philosophers	c. 3rd century AD	Charles Duke Yonge	1853	classical	en	wisdom;character	gutenberg	https://www.gutenberg.org/cache/epub/57342/pg57342.txt	classical/diogenes-laertius/reading/lives-of-eminent-philosophers.md	public-domain
epictetus/discourses	Epictetus	c. 50	c. 135	The Discourses of Epictetus (selection, with the Enchiridion)	c. 108	George Long	1877	stoic	en	contentment;self-discipline;wisdom	gutenberg	https://www.gutenberg.org/cache/epub/10661/pg10661.txt	classical/epictetus/reading/discourses.md	public-domain
epictetus/enchiridion	Epictetus	c. 50	c. 135	Enchiridion	c. 125	Thomas Wentworth Higginson	1865	stoic	en	contentment;self-discipline	gutenberg	https://www.gutenberg.org/cache/epub/45109/pg45109.txt	classical/epictetus/reading/enchiridion.md	public-domain
marcus-aurelius/meditations	Marcus Aurelius	121	180	Meditations	c. 170-180	George Long	1862	stoic	en	contentment;self-discipline;wisdom	gutenberg	https://www.gutenberg.org/cache/epub/6920/pg6920.txt	classical/marcus-aurelius/reading/meditations.md	public-domain
plato/apology	Plato	-428	-348	Apology	c. 399 BC	Benjamin Jowett	1892	classical	en	wisdom;apologetics	gutenberg	https://www.gutenberg.org/cache/epub/1656/pg1656.txt	classical/plato/reading/apology.md	public-domain
plato/phaedo	Plato	-428	-348	Phaedo	c. 385-370 BC	Benjamin Jowett	1892	classical	en	suffering;wisdom	gutenberg	https://www.gutenberg.org/cache/epub/1658/pg1658.txt	classical/plato/reading/phaedo.md	public-domain
plato/republic	Plato	-428	-348	The Republic	c. 375 BC	Benjamin Jowett	1892	classical	en	wisdom;leadership;character	gutenberg	https://www.gutenberg.org/cache/epub/1497/pg1497.txt	classical/plato/reading/republic.md	public-domain
plutarch/lives-vol1	Plutarch	c. 46	c. 120	Plutarch's Lives, Vol. 1 of 4	c. 100-115	George Long and Aubrey Stewart		classical	en	character;leadership	gutenberg	https://www.gutenberg.org/cache/epub/14033/pg14033.txt	classical/plutarch/reading/lives-vol1.md	public-domain
plutarch/lives-vol2	Plutarch	c. 46	c. 120	Plutarch's Lives, Vol. 2 of 4	c. 100-115	George Long and Aubrey Stewart		classical	en	character;leadership	gutenberg	https://www.gutenberg.org/cache/epub/14114/pg14114.txt	classical/plutarch/reading/lives-vol2.md	public-domain
plutarch/lives-vol3	Plutarch	c. 46	c. 120	Plutarch's Lives, Vol. 3 of 4	c. 100-115	George Long and Aubrey Stewart		classical	en	character;leadership	gutenberg	https://www.gutenberg.org/cache/epub/14140/pg14140.txt	classical/plutarch/reading/lives-vol3.md	public-domain
plutarch/lives-vol4	Plutarch	c. 46	c. 120	Plutarch's Lives, Vol. 4 of 4	c. 100-115	George Long and Aubrey Stewart		classical	en	character;leadership	gutenberg	https://www.gutenberg.org/cache/epub/44315/pg44315.txt	classical/plutarch/reading/lives-vol4.md	public-domain
seneca/letters-to-lucilius-gummere	Seneca	c. 4 BC	65	Moral Letters to Lucilius	c. 63-65	Richard M. Gummere	1917	stoic	en	contentment;suffering;wisdom	archive-org	https://archive.org/details/bub_gb_QFULCigeHykC	classical/seneca/reading/letters-to-lucilius-gummere.md	public-domain; OCR-verify
seneca/on-the-shortness-of-life	Seneca	c. 4 BC	65	On the Shortness of Life	c. 49	Aubrey Stewart	1889	stoic	en	contentment;wisdom	gutenberg	https://www.gutenberg.org/cache/epub/64576/pg64576.txt	classical/seneca/reading/on-the-shortness-of-life.md	public-domain
xenophon/memorabilia	Xenophon	c. 430 BC	c. 354 BC	Memorabilia	c. 371 BC	Henry Graham Dakyns		classical	en	wisdom;character	gutenberg	https://www.gutenberg.org/cache/epub/1177/pg1177.txt	classical/xenophon/reading/memorabilia.md	public-domain
conwell/acres-of-diamonds	Russell H. Conwell	1843	1925	Acres of Diamonds	1890			new-thought	en	wealth;character	gutenberg	https://www.gutenberg.org/ebooks/368	self-improvement/conwell/reading/acres-of-diamonds.md	public-domain
emerson/essays-first-series	Ralph Waldo Emerson	1803	1882	Essays, First Series	1841			new-thought	en	character;wisdom;self-discipline	gutenberg	https://www.gutenberg.org/ebooks/2944	self-improvement/emerson/reading/essays-first-series.md	public-domain
emerson/essays-second-series	Ralph Waldo Emerson	1803	1882	Essays, Second Series	1844			new-thought	en	character;wisdom	gutenberg	https://www.gutenberg.org/ebooks/2945	self-improvement/emerson/reading/essays-second-series.md	public-domain
franklin/autobiography	Benjamin Franklin	1706	1790	The Autobiography of Benjamin Franklin	c. 1771-1790			new-thought	en	character;self-discipline;work	gutenberg	https://www.gutenberg.org/ebooks/148	self-improvement/franklin/reading/autobiography.md	public-domain
haanel/master-key-system	Charles F. Haanel	1866	1949	The Master Key System	1912			new-thought	en	wealth;self-discipline	archive-org	https://archive.org/details/masterkeysystemb0000unse	self-improvement/haanel/reading/master-key-system.md	public-domain; OCR-verify
james-allen/from-poverty-to-power	James Allen	1864	1912	From Poverty to Power	1901			new-thought	en	character;wealth;self-discipline	archive-org	https://archive.org/details/povertytopower0000jame	self-improvement/james-allen/reading/from-poverty-to-power.md	public-domain; OCR-verify
james-allen/the-mastery-of-destiny	James Allen	1864	1912	The Mastery of Destiny	1909			new-thought	en	self-discipline;character	archive-org	https://archive.org/details/masteryofdestiny00alle	self-improvement/james-allen/reading/the-mastery-of-destiny.md	public-domain; OCR-verify
james-allen/the-way-of-peace	James Allen	1864	1912	The Way of Peace	1907			new-thought	en	contentment;self-discipline	gutenberg	https://www.gutenberg.org/ebooks/10740	self-improvement/james-allen/reading/the-way-of-peace.md	public-domain
kybalion/the-kybalion	Three Initiates			The Kybalion	1908			new-thought	en	wisdom	gutenberg	https://www.gutenberg.org/ebooks/14209	self-improvement/kybalion/reading/the-kybalion.md	public-domain
marden/pushing-to-the-front	Orison Swett Marden	1850	1924	Pushing to the Front	1894			new-thought	en	character;work;self-discipline	gutenberg	https://www.gutenberg.org/ebooks/21291	self-improvement/marden/reading/pushing-to-the-front.md	public-domain
napoleon-hill/law-of-success	Napoleon Hill	1883	1970	The Law of Success	1928			new-thought	en	work;wealth;leadership	archive-org	https://archive.org/details/lawofsuccess0000napo_d7w3	self-improvement/napoleon-hill/reading/law-of-success.md	public-domain; OCR-verify
shinn/game-of-life	Florence Scovel Shinn	1871	1940	The Game of Life and How to Play It	1925			new-thought	en	contentment;wealth	gutenberg	https://www.gutenberg.org/ebooks/74878	self-improvement/shinn/reading/game-of-life.md	public-domain
smiles/character	Samuel Smiles	1812	1904	Character	1871			new-thought	en	character;self-discipline	gutenberg	https://www.gutenberg.org/ebooks/2541	self-improvement/smiles/reading/character.md	public-domain
smiles/self-help	Samuel Smiles	1812	1904	Self-Help	1859			new-thought	en	self-discipline;work;character	gutenberg	https://www.gutenberg.org/ebooks/935	self-improvement/smiles/reading/self-help.md	public-domain
smiles/thrift	Samuel Smiles	1812	1904	Thrift	1875			new-thought	en	wealth;self-discipline	gutenberg	https://www.gutenberg.org/ebooks/14418	self-improvement/smiles/reading/thrift.md	public-domain
trine/in-tune-with-the-infinite	Ralph Waldo Trine	1866	1958	In Tune with the Infinite	1897			new-thought	en	contentment;wisdom	gutenberg	https://www.gutenberg.org/ebooks/23559	self-improvement/trine/reading/in-tune-with-the-infinite.md	public-domain
wattles/science-of-being-well	Wallace D. Wattles	1860	1911	The Science of Being Well	1910			new-thought	en	contentment;self-discipline	gutenberg	https://www.gutenberg.org/ebooks/33917	self-improvement/wattles/reading/science-of-being-well.md	public-domain
wattles/science-of-getting-rich	Wallace D. Wattles	1860	1911	The Science of Getting Rich	1910			new-thought	en	wealth	gutenberg	https://www.gutenberg.org/ebooks/59844	self-improvement/wattles/reading/science-of-getting-rich.md	public-domain
william-james/varieties-of-religious-experience	William James	1842	1910	The Varieties of Religious Experience	1902			new-thought	en	wisdom;suffering	gutenberg	https://www.gutenberg.org/ebooks/621	self-improvement/william-james/reading/varieties-of-religious-experience.md	public-domain
buddhism/buddhist-suttas-rhys-davids-sbe11	attrib. Gautama Buddha	c. 563 BC	c. 483 BC	Buddhist Suttas (Sacred Books of the East, Vol. 11)	c. 3rd century BC	T. W. Rhys Davids	1881	world-religions	en	wisdom;contentment	sacred-texts	https://sacred-texts.com/bud/sbe11/index.htm	world-religions/buddhism/buddhist-suttas/reading/buddhist-suttas-rhys-davids-sbe11.md	public-domain
buddhism/dhammapada-muller	attrib. Gautama Buddha	c. 563 BC	c. 483 BC	Dhammapada	c. 3rd century BC	F. Max Muller	1881	world-religions	en	wisdom;self-discipline	gutenberg	https://www.gutenberg.org/cache/epub/2017/pg2017.txt	world-religions/buddhism/dhammapada/reading/dhammapada-muller.md	public-domain
buddhism/gospel-of-buddha-carus	Paul Carus	1852	1919	The Gospel of Buddha, Compiled from Ancient Records	1894			world-religions	en	wisdom;suffering	gutenberg	https://www.gutenberg.org/cache/epub/35895/pg35895.txt	world-religions/buddhism/gospel-of-buddha/reading/gospel-of-buddha-carus.md	public-domain
confucian-taoist/analects-of-confucius-legge	attrib. Confucius	-551	-479	The Analects of Confucius	c. 5th-4th century BC	James Legge	1893	world-religions	en	wisdom;character	gutenberg	https://www.gutenberg.org/cache/epub/3330/pg3330.txt	world-religions/confucian-taoist/analects/reading/analects-of-confucius-legge.md	public-domain
confucian-taoist/tao-teh-king-legge	attrib. Lao Tzu			The Tao Teh King	c. 4th century BC	James Legge	1891	world-religions	en	wisdom;contentment	gutenberg	https://www.gutenberg.org/cache/epub/216/pg216.txt	world-religions/confucian-taoist/tao-te-ching/reading/tao-teh-king-legge.md	public-domain
hinduism/bhagavad-gita-arnold	attrib. Vyasa			The Song Celestial; Or, Bhagavad-Gita	c. 2nd century BC	Edwin Arnold	1885	world-religions	en	wisdom;spiritual-warfare	gutenberg	https://www.gutenberg.org/cache/epub/2388/pg2388.txt	world-religions/hinduism/bhagavad-gita/reading/bhagavad-gita-arnold.md	public-domain
hinduism/bhagavadgita-telang-sbe8	attrib. Vyasa			The Bhagavadgita, with the Sanatsugatiya and the Anugita (SBE Vol. 8)	c. 2nd century BC	Kashinath Trimbak Telang	1882	world-religions	en	wisdom;spiritual-warfare	sacred-texts	https://sacred-texts.com/hin/sbe08/index.htm	world-religions/hinduism/bhagavad-gita/reading/bhagavadgita-telang-sbe8.md	public-domain
hinduism/mahabharata-vol1	attrib. Vyasa			The Mahabharata, Vol. 1 (Books 1-3)	c. 400 BC - 400 AD	Kisari Mohan Ganguli	1883	world-religions	en	wisdom;character	gutenberg	https://www.gutenberg.org/cache/epub/15474/pg15474.txt	world-religions/hinduism/mahabharata/reading/mahabharata-vol1.md	public-domain
hinduism/mahabharata-vol2	attrib. Vyasa			The Mahabharata, Vol. 2 (Books 4-7)	c. 400 BC - 400 AD	Kisari Mohan Ganguli	1883	world-religions	en	wisdom;character	gutenberg	https://www.gutenberg.org/cache/epub/15475/pg15475.txt	world-religions/hinduism/mahabharata/reading/mahabharata-vol2.md	public-domain
hinduism/mahabharata-vol3	attrib. Vyasa			The Mahabharata, Vol. 3 (Books 8-12)	c. 400 BC - 400 AD	Kisari Mohan Ganguli	1883	world-religions	en	wisdom;character	gutenberg	https://www.gutenberg.org/cache/epub/15476/pg15476.txt	world-religions/hinduism/mahabharata/reading/mahabharata-vol3.md	public-domain
hinduism/mahabharata-vol4	attrib. Vyasa			The Mahabharata, Vol. 4 (Books 13-18)	c. 400 BC - 400 AD	Kisari Mohan Ganguli	1883	world-religions	en	wisdom;character	gutenberg	https://www.gutenberg.org/cache/epub/15477/pg15477.txt	world-religions/hinduism/mahabharata/reading/mahabharata-vol4.md	public-domain
hinduism/upanishads-muller-sbe01				The Upanishads, Part 1 (SBE Vol. 1)	c. 800-200 BC	F. Max Muller	1879	world-religions	en	wisdom	sacred-texts	https://sacred-texts.com/hin/sbe01/index.htm	world-religions/hinduism/upanishads/reading/upanishads-muller-sbe01.md	public-domain
hinduism/upanishads-muller-sbe15				The Upanishads, Part 2 (SBE Vol. 15)	c. 800-200 BC	F. Max Muller	1884	world-religions	en	wisdom	sacred-texts	https://sacred-texts.com/hin/sbe15/index.htm	world-religions/hinduism/upanishads/reading/upanishads-muller-sbe15.md	public-domain
islam/quran-rodwell				The Koran (Al-Qur'an)	c. 610-632	J. M. Rodwell	1861	world-religions	en	wisdom;apologetics	gutenberg	https://www.gutenberg.org/cache/epub/2800/pg2800.txt	world-religions/islam/quran/reading/quran-rodwell.md	public-domain
islam/quran-sale				The Koran, commonly called the Alkoran of Mohammed	c. 610-632	George Sale	1734	world-religions	en	wisdom;apologetics	gutenberg	https://www.gutenberg.org/cache/epub/7440/pg7440.txt	world-religions/islam/quran/reading/quran-sale.md	public-domain
plutarch/moralia-vol1	Plutarch	c. 46	c. 120	Plutarch's Moralia, Vol. 1 of 5	c. 100-115	William W. Goodwin (rev.)	1898	classical	en	wisdom;character	gutenberg	https://www.gutenberg.org/cache/epub/78134/pg78134.txt	classical/plutarch/reading/moralia-vol1.md	public-domain
plutarch/moralia-vol2	Plutarch	c. 46	c. 120	Plutarch's Moralia, Vol. 2 of 5	c. 100-115	William W. Goodwin (rev.)	1898	classical	en	wisdom;character	gutenberg	https://www.gutenberg.org/cache/epub/78147/pg78147.txt	classical/plutarch/reading/moralia-vol2.md	public-domain
plutarch/moralia-vol3	Plutarch	c. 46	c. 120	Plutarch's Moralia, Vol. 3 of 5	c. 100-115	William W. Goodwin (rev.)	1898	classical	en	wisdom;character	gutenberg	https://www.gutenberg.org/cache/epub/78851/pg78851.txt	classical/plutarch/reading/moralia-vol3.md	public-domain
plutarch/moralia-vol5	Plutarch	c. 46	c. 120	Plutarch's Moralia, Vol. 5 of 5	c. 100-115	William W. Goodwin (rev.)	1898	classical	en	wisdom;character	gutenberg	https://www.gutenberg.org/cache/epub/78000/pg78000.txt	classical/plutarch/reading/moralia-vol5.md	public-domain
edersheim/bible-history-biblehistory0000eder	Alfred Edersheim	1825	1889	Bible History: Old Testament, Vol. I			1876-1887	jewish	en	scripture;wisdom	archive-org	https://archive.org/details/biblehistory0000eder	jewish/edersheim/reading/bible-history-biblehistory0000eder.md	public-domain; OCR-verify
edersheim/bible-history-vol-2	Alfred Edersheim	1825	1889	Bible History: Old Testament, Vol. II			1876-1887	jewish	en	scripture;wisdom	archive-org	https://archive.org/details/biblehistory02eder	jewish/edersheim/reading/bible-history-vol-2.md	public-domain; OCR-verify
edersheim/bible-history-vol-6	Alfred Edersheim	1825	1889	Bible History: Old Testament, Vol. VI			1876-1887	jewish	en	scripture;wisdom	archive-org	https://archive.org/details/biblehistory06eder	jewish/edersheim/reading/bible-history-vol-6.md	public-domain; OCR-verify
edersheim/bible-history-vol-7	Alfred Edersheim	1825	1889	Bible History: Old Testament, Vol. VII			1876-1887	jewish	en	scripture;wisdom	archive-org	https://archive.org/details/biblehistory07eder	jewish/edersheim/reading/bible-history-vol-7.md	public-domain; OCR-verify
jewish-encyclopedia/jewish-encyclopedia-vol-01				The Jewish Encyclopedia, Vol. 1 (1901-1906)	1901-1906			jewish	en	wisdom	archive-org	https://archive.org/details/b29000488_0001	jewish/jewish-encyclopedia/reading/jewish-encyclopedia-vol-01.md	public-domain; OCR-verify
jewish-encyclopedia/jewish-encyclopedia-vol-02				The Jewish Encyclopedia, Vol. 2 (1901-1906)	1901-1906			jewish	en	wisdom	archive-org	https://archive.org/details/b29000488_0002	jewish/jewish-encyclopedia/reading/jewish-encyclopedia-vol-02.md	public-domain; OCR-verify
jewish-encyclopedia/jewish-encyclopedia-vol-03				The Jewish Encyclopedia, Vol. 3 (1901-1906)	1901-1906			jewish	en	wisdom	archive-org	https://archive.org/details/b29000488_0003	jewish/jewish-encyclopedia/reading/jewish-encyclopedia-vol-03.md	public-domain; OCR-verify
jewish-encyclopedia/jewish-encyclopedia-vol-04				The Jewish Encyclopedia, Vol. 4 (1901-1906)	1901-1906			jewish	en	wisdom	archive-org	https://archive.org/details/b29000488_0004	jewish/jewish-encyclopedia/reading/jewish-encyclopedia-vol-04.md	public-domain; OCR-verify
jewish-encyclopedia/jewish-encyclopedia-vol-05				The Jewish Encyclopedia, Vol. 5 (1901-1906)	1901-1906			jewish	en	wisdom	archive-org	https://archive.org/details/b29000488_0005	jewish/jewish-encyclopedia/reading/jewish-encyclopedia-vol-05.md	public-domain; OCR-verify
jewish-encyclopedia/jewish-encyclopedia-vol-06				The Jewish Encyclopedia, Vol. 6 (1901-1906)	1901-1906			jewish	en	wisdom	archive-org	https://archive.org/details/b29000488_0006	jewish/jewish-encyclopedia/reading/jewish-encyclopedia-vol-06.md	public-domain; OCR-verify
jewish-encyclopedia/jewish-encyclopedia-vol-07				The Jewish Encyclopedia, Vol. 7 (1901-1906)	1901-1906			jewish	en	wisdom	archive-org	https://archive.org/details/b29000488_0007	jewish/jewish-encyclopedia/reading/jewish-encyclopedia-vol-07.md	public-domain; OCR-verify
jewish-encyclopedia/jewish-encyclopedia-vol-08				The Jewish Encyclopedia, Vol. 8 (1901-1906)	1901-1906			jewish	en	wisdom	archive-org	https://archive.org/details/b29000488_0008	jewish/jewish-encyclopedia/reading/jewish-encyclopedia-vol-08.md	public-domain; OCR-verify
jewish-encyclopedia/jewish-encyclopedia-vol-09				The Jewish Encyclopedia, Vol. 9 (1901-1906)	1901-1906			jewish	en	wisdom	archive-org	https://archive.org/details/b29000488_0009	jewish/jewish-encyclopedia/reading/jewish-encyclopedia-vol-09.md	public-domain; OCR-verify
jewish-encyclopedia/jewish-encyclopedia-vol-10				The Jewish Encyclopedia, Vol. 10 (1901-1906)	1901-1906			jewish	en	wisdom	archive-org	https://archive.org/details/b29000488_0010	jewish/jewish-encyclopedia/reading/jewish-encyclopedia-vol-10.md	public-domain; OCR-verify
jewish-encyclopedia/jewish-encyclopedia-vol-11				The Jewish Encyclopedia, Vol. 11 (1901-1906)	1901-1906			jewish	en	wisdom	archive-org	https://archive.org/details/b29000488_0011	jewish/jewish-encyclopedia/reading/jewish-encyclopedia-vol-11.md	public-domain; OCR-verify
jewish-encyclopedia/jewish-encyclopedia-vol-12				The Jewish Encyclopedia, Vol. 12 (1901-1906)	1901-1906			jewish	en	wisdom	archive-org	https://archive.org/details/b29000488_0012	jewish/jewish-encyclopedia/reading/jewish-encyclopedia-vol-12.md	public-domain; OCR-verify
schurer/history-of-the-jewish-people	Emil Schurer	1844	1910	A History of the Jewish People in the Time of Jesus Christ				jewish	en	wisdom;character	archive-org	https://archive.org/details/dv2historyofjewi03sch	jewish/schurer/reading/history-of-the-jewish-people.md	public-domain; OCR-verify
talmud/rodkinson-talmud-vol-01				The Babylonian Talmud, Vol. 1	c. 500	Michael L. Rodkinson	1896-1903	jewish	en	wisdom;discernment	archive-org	https://archive.org/details/babyloniantalmud01unknuoft	jewish/talmud/reading/rodkinson-talmud-vol-01.md	public-domain; OCR-verify
talmud/rodkinson-talmud-vol-07				The Babylonian Talmud, Vol. 7	c. 500	Michael L. Rodkinson	1896-1903	jewish	en	wisdom;discernment	archive-org	https://archive.org/details/babyloniantalmud07unknuoft	jewish/talmud/reading/rodkinson-talmud-vol-07.md	public-domain; OCR-verify
talmud/rodkinson-talmud-vol-09				The Babylonian Talmud, Vol. 9	c. 500	Michael L. Rodkinson	1896-1903	jewish	en	wisdom;discernment	archive-org	https://archive.org/details/babyloniantalmud09unknuoft	jewish/talmud/reading/rodkinson-talmud-vol-09.md	public-domain; OCR-verify
talmud/rodkinson-talmud-vol-17				The Babylonian Talmud, Vol. 17	c. 500	Michael L. Rodkinson	1896-1903	jewish	en	wisdom;discernment	archive-org	https://archive.org/details/babyloniantalmud17unknuoft	jewish/talmud/reading/rodkinson-talmud-vol-17.md	public-domain; OCR-verify
talmud/rodkinson-talmud-vol-19				The Babylonian Talmud, Vol. 19	c. 500	Michael L. Rodkinson	1896-1903	jewish	en	wisdom;discernment	archive-org	https://archive.org/details/babyloniantalmud19unknuoft	jewish/talmud/reading/rodkinson-talmud-vol-19.md	public-domain; OCR-verify
asv/asv				The Holy Bible: American Standard Version		ASV translators	1901	scripture	en	scripture	gratis-bible	https://raw.githubusercontent.com/gratis-bible/bible/master/en/asv.xml	scripture/asv/reading/asv.md	public-domain
darby/darby				The Holy Bible: Darby Translation		John Nelson Darby	1890	scripture	en	scripture	gratis-bible	https://raw.githubusercontent.com/gratis-bible/bible/master/en/darby.xml	scripture/darby/reading/darby.md	public-domain
geneva/geneva				The Holy Bible: Geneva Bible (1587 printing; includes Apocrypha)			1587	scripture	en	scripture	gratis-bible	https://raw.githubusercontent.com/gratis-bible/bible/master/en/gb.xml	scripture/geneva/reading/geneva.md	public-domain
webster/webster				The Holy Bible: Webster Bible (Noah Webster's Revision of the KJV)		Noah Webster	1833	scripture	en	scripture	gratis-bible	https://raw.githubusercontent.com/gratis-bible/bible/master/en/wbs.xml	scripture/webster/reading/webster.md	public-domain
ylt/ylt				The Holy Bible: Young's Literal Translation		Robert Young	1898	scripture	en	scripture	gratis-bible	https://raw.githubusercontent.com/gratis-bible/bible/master/en/ylt.xml	scripture/ylt/reading/ylt.md	public-domain
james-allen/eight-pillars-of-prosperity	James Allen	1864	1912	Eight Pillars of Prosperity				new-thought	en	character;wealth	archive-org	https://archive.org/details/eight_pillars_of_prosperity	self-improvement/james-allen/reading/eight-pillars-of-prosperity.md	public-domain; OCR-verify
wattles/science-of-being-great	Wallace D. Wattles	1860	1911	The Science of Being Great			1911	new-thought	en	character;self-discipline	archive-org	https://archive.org/details/scienceofbeinggr0000wall	self-improvement/wattles/reading/science-of-being-great.md	public-domain; OCR-verify
charles-spurgeon/treasury-of-david-vol-01	Charles Haddon Spurgeon	1834	1892	The Treasury of David, Vol. 1				evangelical	en	prayer;scripture	archive-org	https://archive.org/details/thetreasuryofdav01spuruoft	tradition/charles-spurgeon/reading/treasury-of-david-vol-01.md	public-domain; OCR-verify
charles-spurgeon/treasury-of-david-vol-02	Charles Haddon Spurgeon	1834	1892	The Treasury of David, Vol. 2				evangelical	en	prayer;scripture	archive-org	https://archive.org/details/thetreasuryofdav02spuruoft	tradition/charles-spurgeon/reading/treasury-of-david-vol-02.md	public-domain; OCR-verify
charles-spurgeon/treasury-of-david-vol-03	Charles Haddon Spurgeon	1834	1892	The Treasury of David, Vol. 3				evangelical	en	prayer;scripture	archive-org	https://archive.org/details/thetreasuryofdav03spuruoft	tradition/charles-spurgeon/reading/treasury-of-david-vol-03.md	public-domain; OCR-verify
ramayana/ramayana-griffith	attrib. Valmiki			The Ramayana of Valmiki	c. 500 BC - 100 AD	Ralph T. H. Griffith	1870-1874	world-religions	en	wisdom;character	gutenberg	https://www.gutenberg.org/cache/epub/24869/pg24869.txt	world-religions/hinduism/ramayana/reading/ramayana-griffith.md	public-domain
